FUNDO DE INVESTIMENTO IMOBILIÁRIO GRAND PLAZA SHOPPING;ABCP11;01.201.140/0001-90
AF INVEST CRI FUNDO DE INVESTIMENTO IMOBILIÁRIO RECEBÍVEIS IMOBILIÁRIOS;AFHI11;36.642.293/0001-58
AUTONOMY EDIFÍCIOS CORPORATIVOS FUNDO DE INVESTIMENTO IMOBILIÁRIO;AIEC11;35.765.826/0001-26
FUNDO DE INVESTIMENTO IMOBILIÁRIO FII TORRE ALMIRANTE;ALMI11;07.122.725/0001-00
ALIANZA MULTIESTRATÉGIA FUNDO DE INVESTIMENTO IMOBILIÁRIO;ALZM11;34.847.063/0001-08
ALIANZA TRUST RENDA IMOBILIÁRIA FUNDO DE INVESTIMENTO IMOBILIÁRIO;ALZR11;28.737.771/0001-85
FUNDO DE INVESTIMENTO IMOBILIÁRIO ANCAR IC;ANCR11B;07.789.135/0001-27
NAVI RESIDENCIAL FUNDO DE INVESTIMENTO IMOBILIÁRIO;APTO11;42.432.327/0001-82
FUNDO DE INVESTIMENTO IMOBILIÁRIO APEX MALLS;APXM11;43.010.485/0001-07
AROEIRA 333 RENDA LOGÍSTICA FUNDO DE INVESTIMENTO IMOBILIÁRIO;AROA11;44.674.528/0001-11
FUNDO DE INVESTIMENTO IMOBILIÁRIO ÁTRIO REIT RECEBÍVEIS IMOBILIÁRIOS;ARRI11;32.006.821/0001-21
ARX DOVER RECEBÍVEIS FUNDO DE INVESTIMENTO IMOBILIÁRIO;ARXD11;44.527.494/0001-32
ASA METROPOLIS FUNDO DE INVESTIMENTO IMOBILIÁRIO;ASMT11;38.293.921/0001-62
ASA RETROFITS I FUNDO DE INVESTIMENTO IMOBILIÁRIO;ASRF11;45.188.033/0001-45
HAZ FUNDO DE INVESTIMENTO IMOBILIÁRIO;ATCR11;14.631.148/0001-39
HEDGE ATRIUM SHOPPING SANTO ANDRÉ FUNDO DE INVESTIMENTO IMOBILIÁRIO;ATSA11;12.809.972/0001-00
AIRPORT TOWN FUNDO DE INVESTIMENTO IMOBILIÁRIO;ATWN11;27.773.327/0001-52
ALIANZA URBAN HUB RENDA FUNDO DE INVESTIMENTO IMOBILIÁRIO;AURB11;41.076.823/0001-88
FUNDO DE INVESTIMENTO IMOBILIÁRIO BARIGUI RENDIMENTOS IMOBILIÁRIOS I FII;BARI11;29.267.567/0001-00
BB FUNDO DE INVESTIMENTO IMOBILIÁRIO PROGRESSIVO;BBFI11B;07.000.400/0001-46
BB FUNDO DE FUNDOS FUNDO DE INVESTIMENTO IMOBILIÁRIO;BBFO11;37.180.091/0001-02
BB RECEBÍVEIS IMOBILIÁRIOS FUNDO DE INVESTIMENTO IMOBILIÁRIO;BBIM11;20.716.161/0001-93
BB PROGRESSIVO II FUNDO DE INVESTIMENTO IMOBILIÁRIO;BBPO11;14.410.722/0001-29
BB RENDA CORPORATIVA FUNDO DE INVESTIMENTO IMOBILIÁRIO;BBRC11;12.681.340/0001-04
FUNDO DE INVESTIMENTO IMOBILIÁRIO BTG PACTUAL FUNDO DE FUNDOS;BCFF11;11.026.627/0001-38
BRADESCO CARTEIRA IMOBILIÁRIA ATIVA FUNDO DE FUNDOS DE INVESTIMENTO IMOBILIÁRIO;BCIA11;20.216.935/0001-17
BANESTES RECEBÍVEIS IMOBILIÁRIOS FUNDO DE INVESTIMENTO IMOBILIÁRIO;BCRI11;22.219.335/0001-38
BRIO CRÉDITO ESTRUTURADO FUNDO DE INVESTIMENTO IMOBILIÁRIO;BICE11;39.332.032/0001-20
INTER TÍTULOS IMOBILIÁRIOS FUNDO DE INVESTIMENTO IMOBILIARIO;BICR11;34.007.109/0001-72
BRIO MULTIESTRATÉGIA FUNDO DE INVESTIMENTO IMOBILIÁRIO;BIME11;41.081.356/0001-84
BRIO REAL ESTATE IV FUNDO DE INVESTIMENTO IMOBILIÁRIO;BIPD11;42.869.892/0001-01
BLUEMACAW CATUAÍ TRIPLE A FUNDO DE INVESTIMENTO IMOBILIÁRIO;BLCA11;41.076.748/0001-55
BLUEMACAW CRÉDITO IMOBILIÁRIO FUNDO DE INVESTIMENTO IMOBILIÁRIO;BLMC11;38.294.221/0001-92
BLUEMACAW LOGÍSTICA FUNDO DE INVESTIMENTO IMOBILIÁRIO;BLMG11;34.081.637/0001-71
BLUEMACAW OFFICE FUND II FUNDO DE INVESTIMENTO IMOBILIÁRIO;BLMO11;34.895.894/0001-47
BLUEMACAW RENDA+ FOF FUNDO DE INVESTIMENTO IMOBILIÁRIO;BLMR11;36.368.869/0001-30
FUNDO DE INVESTIMENTO IMOBILIÁRIO BLUE RECEBÍVEIS IMOBILIÁRIOS;BLUR11;38.051.307/0001-94
FUNDO BRASÍLIO MACHADO DE INVESTIMENTO IMOBILIÁRIO;BMII11;02.027.437/0001-44
FUNDO DE INVESTIMENTO IMOBILIÁRIO BM BRASCAN LAJES CORPORATIVAS;BMLC11;14.376.247/0001-11
BANRISUL NOVAS FRONTEIRAS FUNDO DE INVESTIMENTO IMOBILIÁRIO;BNFS11;15.570.431/0001-60
FUNDO DE INVESTIMENTO IMOBILIÁRIO BRASIL PLURAL ABSOLUTO FUNDO DE FUNDOS;BPFF11;17.324.357/0001-28
BASÍLICA PARTNERS LED CORPORATE FUNDO DE INVESTIMENTO IMOBILIÁRIO;BPLC11;28.267.555/0001-13
FUNDO DE INVESTIMENTO IMOBILIÁRIO BTG PACTUAL SHOPPINGS;BPML11;33.046.142/0001-49
FUNDO DE INVESTIMENTO IMOBILIÁRIO BRLPROP;BPRP11;29.800.650/0001-01
BRESCO LOGÍSTICA FUNDO DE INVESTIMENTO IMOBILIÁRIO;BRCO11;20.748.515/0001-81
FUNDO DE INVESTIMENTO IMOBILIÁRIO BTG PACTUAL CORPORATE OFFICE FUND;BRCR11;08.924.783/0001-01
BRAZIL REAL ESTATE VICTORY FUND I FUNDO DE INVESTIMENTO IMOBILIÁRIO;BREV11;26.195.121/0001-20
FUNDO DE INVESTIMENTO IMOBILIÁRIO BR HOTÉIS;BRHT11B;15.461.076/0001-91
BRIO REAL ESTATE II FUNDO DE INVESTIMENTO IMOBILIÁRIO;BRIM11;23.964.843/0001-03
BRIO REAL ESTATE III FUNDO DE INVESTIMENTO IMOBILIÁRIO;BRIP11;34.895.752/0001-80
BRIX FUNDO DE INVESTIMENTO IMOBILIÁRIO;BRIX11;35.360.651/0001-77
FUNDO DE INVESTIMENTO IMOBILIÁRIO BRL PROP II;BRLA11;35.652.278/0001-28
BRPR CORPORATE OFFICES FUNDO DE INVESTIMENTO IMOBILIÁRIO;BROF11;48.978.859/0001-04
BR7 SENADO FUNDO DE INVESTIMENTO IMOBILIÁRIO;BRSE11;40.944.736/0001-32
FUNDO DE INVESTIMENTO IMOBILIÁRIO BTG PACTUAL AGRO LOGÍSTICA;BTAL11;36.642.244/0001-15
FUNDO DE INVESTIMENTO IMOBILIÁRIO BTG PACTUAL CRÉDITO IMOBILIÁRIO;BTCI11;09.552.812/0001-14
BTG PACTUAL LOGÍSTICA FUNDO DE INVESTIMENTO IMOBILIÁRIO;BTLG11;11.839.593/0001-09
FUNDO DE INVESTIMENTO IMOBILIÁRIO BTG PACTUAL TERRAS AGRÍCOLAS;BTRA11;41.076.607/0001-32
BTSP I FUNDO DE INVESTIMENTO IMOBILIÁRIO;BTSG11;36.098.375/0001-83
BTSP II FUNDO DE INVESTIMENTO IMOBILIÁRIO;BTSI11;36.930.464/0001-44
BTOWERS FUNDO DE INVESTIMENTO IMOBILIÁRIO;BTWR11;20.132.453/0001-89
FUNDO DE INVESTIMENTO IMOBILIÁRIO BRASIL VAREJO;BVAR11;21.126.204/0001-43
BARZEL FUNDO DE INVESTIMENTO IMOBILIÁRIO;BZEL11;35.507.610/0001-60
BRAZIL REALTY FUNDO DE INVESTIMENTO IMOBILIÁRIO;BZLI11;14.074.706/0001-02
CARTESIA RECEBÍVEIS IMOBILIÁRIOS FUNDO DE INVESTIMENTO IMOBILIÁRIO;CACR11;32.065.364/0001-46
BRAZILIAN GRAVEYARD AND DEATH CARE SERVICES FUNDO DE INVESTIMENTO IMOBILIÁRIO;CARE11;13.584.584/0001-31
CASTELLO BRANCO OFFICE PARK FUNDO DE INVESTIMENTO IMOBILIÁRIO;CBOP11;17.144.039/0001-85
FUNDO DE INVESTIMENTO IMOBILIÁRIO CENTRAL LEBLON;CCLB11;45.777.347/0001-83
CANUMA CAPITAL MULTIESTRATÉGIA FUNDO DE INVESTIMENTO IMOBILIÁRIO;CCME11;43.010.844/0001-26
RBR CRI FUNDO DE INVESTIMENTO IMOBILIÁRIO;CCRF11;40.011.268/0001-43
FUNDO DE INVESTIMENTO IMOBILIÁRIO CEO CYRELA COMMERCIAL PROPERTIES;CEOC11;15.799.397/0001-09
CF2 FUNDO DE INVESTIMENTO IMOBILIÁRIO;CFHI11;34.508.923/0001-70
CF3 FUNDO DE INVESTIMENTO IMOBILIÁRIO;CFII11;41.325.993/0001-59
CIX RENDIMENTO FUNDO DE INVESTIMENTO IMOBILIÁRIO;CIXR11;47.086.230/0001-89
CIDADE JARDIM CONTINENTAL TOWER FUNDO DE INVESTIMENTO IMOBILIÁRIO;CJCT11;10.347.985/0001-80
FUNDO DE INVESTIMENTO IMOBILIÁRIO CJ;CJFI11;23.582.914/0001-03
FUNDO DE INVESTIMENTO IMOBILIÁRIO FII CENESP;CNES11;13.551.286/0001-45
CORPORATE OFFICE PROPERTIES FUNDO DE INVESTIMENTO IMOBILIÁRIO;COPP11;48.916.699/0001-60
CAPITÂNIA REIT FOF FUNDO DE INVESTIMENTO IMOBILIÁRIO;CPFF11;34.081.611/0001-23
CAPITÂNIA REIT FOF FUNDO DE INVESTIMENTO IMOBILIÁRIO II;CPFO11;48.916.246/0001-34
CAPITÂNIA SHOPPINGS FUNDO DE INVESTIMENTO IMOBILIÁRIO;CPSH11;47.896.665/0001-99
CAPITÂNIA SECURITIES II FUNDO DE INVESTIMENTO IMOBILIÁRIO;CPTS11;18.979.895/0001-13
CAIXA RIO BRAVO FUNDO DE FUNDOS DE INVESTIMENTO IMOBILIÁRIO II;CRFF11;31.887.401/0001-39
COSMIC FUNDO DE INVESTIMENTO IMOBILIARIO;CSMC11;41.081.336/0001-03
FUNDO DE INVESTIMENTO IMOBILIÁRIO CENTRO TÊXTIL INTERNACIONAL;CTXT11;00.762.723/0001-28
FUNDO DE INVESTIMENTO IMOBILIÁRIO VBI CRI;CVBI11;28.729.197/0001-13
CVPAR FUNDO DE INVESTIMENTO IMOBILIÁRIO DE CRI;CVPR11;38.294.329/0001-85
FUNDO DE INVESTIMENTO IMOBILIÁRIO CAIXA AGÊNCIAS;CXAG11;40.189.596/0001-34
FUNDO DE INVESTIMENTO IMOBILIÁRIO CAIXA CEDAE;CXCE11B;10.991.914/0001-15
FUNDO DE INVESTIMENTO IMOBILIÁRIO CAIXA CARTEIRA IMOBILIÁRIA;CXCI11;42.066.916/0001-94
FUNDO DE INVESTIMENTO IMOBILIÁRIO CAIXA IMÓVEIS CORPORATIVOS;CXCO11;38.658.984/0001-75
CAIXA RIO BRAVO FUNDO DE FUNDOS DE INVESTIMENTO IMOBILIÁRIO;CXRI11;17.098.794/0001-70
FUNDO DE INVESTIMENTO IMOBILIÁRIO CAIXA SEQ LOGÍSTICA RENDA;CXTL11;12.887.506/0001-43
CYRELA CRÉDITO FUNDO DE INVESTIMENTO IMOBILIÁRIO;CYCR11;36.501.233/0001-15
CYRELA DESENVOLVIMENTO LOGÍSTICO FUNDO DE INVESTIMENTO IMOBILIÁRIO;CYLD11;43.010.601/0001-98
DIAMANTE FUNDO DE INVESTIMENTO IMOBILIÁRIO;DAMT11B;26.642.727/0001-66
DEVANT RECEBÍVEIS IMOBILIÁRIOS FUNDO DE INVESTIMENTO IMOBILIÁRIO;DEVA11;37.087.810/0001-37
DEL MONTE AJAX FUNDO DE INVESTIMENTO IMOBILIÁRIO;DLMT11;28.108.193/0001-18
DOVEL FUNDO DE INVESTIMENTO IMOBILIÁRIO;DOVL11B;10.522.648/0001-81
DEVANT PROPERTIES FUNDO DE INVESTIMENTO IMOBILIÁRIO;DPRO11;42.922.127/0001-08
MULTIGESTÃO RENDA COMERCIAL FUNDO DE INVESTIMENTO IMOBILIÁRIO;DRIT11B;10.456.810/0001-00
FUNDO DE INVESTIMENTO IMOBILIÁRIO DEVANT FUNDO DE FUNDOS IMOBILIÁRIOS;DVFF11;39.863.059/0001-49
FUNDO DE INVESTIMENTO IMOBILIÁRIO EDIFÍCIO OURINVEST;EDFO11B;06.175.262/0001-73
FUNDO DE INVESTIMENTO IMOBILIÁRIO EDIFÍCIO GALERIA;EDGA11;15.333.306/0001-37
ENERGY RESORT FUNDO DE INVESTIMENTO IMOBILIÁRIO;EGYR11;36.969.658/0001-53
FUNDO DE INVESTIMENTO IMOBILIÁRIO ELDORADO;ELDO11B;13.022.994/0001-99
EQI RECEBÍVEIS IMOBILIÁRIOS FUNDO DE INVESTIMENTO IMOBILIÁRIO;EQIR11;41.076.380/0001-25
ESTOQUE RESIDENCIAL E COMERCIAL RIO DE JANEIRO FUNDO DE INVESTIMENTO IMOBILIÁRIO;ERCR11;37.266.902/0001-84
EUROPA 105 FUNDO DE INVESTIMENTO IMOBILIÁRIO;ERPA11;31.469.385/0001-64
FUNDO DE INVESTIMENTO IMOBILIÁRIO POLO ESTOQUE II;ESTQ11;18.497.672/0001-10
FUNDO DE INVESTIMENTO IMOBILIÁRIO EUROPAR;EURO11;05.437.916/0001-27
VBI CONSUMO ESSENCIAL FUNDO DE INVESTIMENTO IMOBILIÁRIO;EVBI11;34.691.520/0001-00
EXES FUNDO DE INVESTIMENTO IMOBILIÁRIO;EXES11;41.076.851/0001-03
FUNDO DE INVESTIMENTO IMOBILIÁRIO ANHANGUERA EDUCACIONAL;FAED11;11.179.118/0001-45
FATOR RENDA GALPÃO FUNDO DE INVESTIMENTO IMOBILIÁRIO;FAGL11;29.614.033/0001-03
FUNDO DE INVESTIMENTO IMOBILIÁRIO EDIFÍCIO ALMIRANTE BARROSO;FAMB11B;05.562.312/0001-02
FATOR RENDA URBANA FUNDO DE INVESTIMENTO IMOBILIÁRIO;FARU11;47.240.652/0001-67
FUNDO DE INVESTIMENTO IMOBILIÁRIO ATHENA I;FATN11;30.567.216/0001-02
FUNDO DE INVESTIMENTO IMOBILIÁRIO CAMPUS FARIA LIMA;FCFL11;11.602.654/0001-01
FUNDO DE INVESTIMENTO IMOBILIÁRIO GRAND PLAZA MALL;FGPM11;23.781.227/0001-17
GENERAL SHOPPING ATIVO E RENDA FUNDO DE INVESTIMENTO IMOBILIÁRIO;FIGS11;17.590.518/0001-25
FUNDO DE INVESTIMENTO IMOBILIÁRIO INDUSTRIAL DO BRASIL;FIIB11;14.217.108/0001-45
RB CAPITAL RENDA I FUNDO DE INVESTIMENTO IMOBILIÁRIO;FIIP11B;08.696.175/0001-97
FUNDO DE INVESTIMENTO IMOBILIÁRIO INFRA REAL ESTATE;FINF11;18.369.510/0001-04
FUNDO DE INVESTIMENTO IMOBILIÁRIO SC 401;FISC11;12.804.013/0001-00
SÃO DOMINGOS FUNDO DE INVESTIMENTO IMOBILIÁRIO;FISD11;16.543.270/0001-89
FUNDO DE INVESTIMENTO IMOBILIÁRIO VIDA NOVA;FIVN11;17.854.016/0001-64
FARIA LIMA CAPITAL RECEBÍVEIS IMOBILIÁRIOS I FUNDO DE INVESTIMENTO IMOBILIÁRIO;FLCR11;33.884.145/0001-51
FUNDO DE INVESTIMENTO IMOBILIÁRIO CONTINENTAL SQUARE FARIA LIMA;FLMA11;04.141.645/0001-03
FUNDO DE INVESTIMENTO IMOBILIÁRIO FLORIPA SHOPPING;FLRP11;10.375.382/0001-91
FUNDO DE INVESTIMENTO IMOBILIÁRIO MEMORIAL OFFICE;FMOF11;01.633.741/0001-72
FUNDO DE INVESTIMENTO IMOBILIÁRIO PROJETO ÁGUA BRANCA;FPAB11;03.251.720/0001-18
FUNDO DE INVESTIMENTO IMOBILIÁRIO PEDRA NEGRA RENDA IMOBILIÁRIA;FPNG11;17.161.979/0001-82
FRONTEIRA MULTI FUNDO DE INVESTIMENTO IMOBILIÁRIO;FRHY11;41.251.077/0001-11
OPPORTUNITY FUNDO DE INVESTIMENTO IMOBILIÁRIO;FTCE11B;01.235.622/0001-61
FUNDO DE INVESTIMENTO IMOBILIÁRIO VIA PARQUE SHOPPING;FVPQ11;00.332.266/0001-31
FUNDO DE INVESTIMENTO IMOBILIÁRIO GUARDIAN LOGÍSTICA;GALG11;37.295.919/0001-60
FUNDO DE INVESTIMENTO IMOBILIÁRIO GUARDIAN MULTIESTRATÉGIA IMOBILIÁRIA I;GAME11;41.269.052/0001-45
GALAPAGOS FUNDO DE FUNDOS FUNDO DE INVESTIMENTO IMOBILIÁRIO;GCFF11;35.652.154/0001-42
GALAPAGOS SPECIAL OPORTUNITIES FUNDO DE INVESTIMENTO IMOBILIÁRIO;GCOI11;46.285.299/0001-79
GALAPAGOS RECEBÍVEIS IMOBILIÁRIOS FUNDO DE INVESTIMENTO IMOBILIÁRIO;GCRI11;38.293.897/0001-61
FUNDO DE INVESTIMETO IMOBILIÁRIO GENERAL SEVERIANO;GESE11B;17.007.528/0001-95
GGR COVEPI RENDA FUNDO DE INVESTIMENTO IMOBILIÁRIO;GGRC11;26.614.291/0001-00
GENERAL SHOPPING E OUTLETS DO BRASIL FUNDO DE INVESTIMENTO IMOBILIÁRIO;GSFI11;11.769.604/0001-13
GTIS BRAZIL LOGISTICS FUNDO DE INVESTIMENTO IMOBILIÁRIO;GTLG11;36.200.677/0001-10
FUNDO DE INVESTIMENTO IMOBILIÁRIO GREEN TOWERS;GTWR11;23.740.527/0001-58
GENIAL RENDA URBANA FUNDO DE INVESTIMENTO IMOBILIÁRIO;GURB11;36.501.210/0001-00
FUNDO DE INVESTIMENTO IMOBILIÁRIO VBI GREENPOWER;GVBI11;49.581.652/0001-56
GAZIT MALLS FUNDO DE INVESTIMENTO IMOBILIÁRIO;GZIT11;15.447.108/0001-02
HEDGE AAA FUNDO DE INVESTIMENTO IMOBILIÁRIO;HAAA11;27.445.482/0001-40
HABITAT RECEBÍVEIS PULVERIZADOS FUNDO DE INVESTIMENTO IMOBILIÁRIO;HABT11;30.578.417/0001-05
FUNDO DE INVESTIMENTO IMOBILIÁRIO HBC RENDA URBANA;HBCR11;36.501.159/0001-37
FUNDO DE INVESTIMENTO IMOBILIÁRIO MULTI RENDA URBANA;HBRH11;30.871.698/0001-81
FUNDO DE INVESTIMENTO IMOBILIÁRIO HABITAT I;HBTT11;26.846.202/0001-42
HECTARE RECEBÍVEIS HIGH GRADE FUNDO DE INVESTIMENTO IMOBILIÁRIO;HCHG11;34.508.959/0001-54
FUNDO DE INVESTIMENTO IMOBILIÁRIO HOSPITAL DA CRIANÇA;HCRI11;04.066.582/0001-60
HECTARE DESENVOLVIMENTO STUDENT HOUSING FUNDO DE INVESTIMENTO IMOBILIÁRIO;HCST11;31.152.015/0001-07
HECTARE CE FUNDO DE INVESTIMENTO IMOBILIÁRIO;HCTR11;30.248.180/0001-96
HEDGE DESENVOLVIMENTO LOGÍSTICO FUNDO DE INVESTIMENTO IMOBILIÁRIO;HDEL11;44.514.162/0001-13
HEDGE PALADIN DESIGN OFFICES FUNDO DE INVESTIMENTO IMOBILIÁRIO;HDOF11;35.688.460/0001-39
HEDGE TOP FOFII 3 FUNDO DE INVESTIMENTO IMOBILIÁRIO;HFOF11;18.307.582/0001-19
HEDGE BRASIL SHOPPING FUNDO DE INVESTIMENTO IMOBILIÁRIO;HGBS11;08.431.747/0001-06
CSHG RECEBÍVEIS IMOBILIÁRIOS FUNDO DE INVESTIMENTO IMOBILIÁRIO;HGCR11;11.160.521/0001-22
CSHG IMOBILIÁRIO FOF FUNDO DE INVESTIMENTO IMOBILIÁRIO;HGFF11;32.784.898/0001-22
HGI CRÉDITOS IMOBILIÁRIOS FUNDO DE INVESTIMENTO IMOBILIÁRIO;HGIC11;38.456.508/0001-71
CSHG LOGÍSTICA FUNDO DE INVESTIMENTO IMOBILIÁRIO;HGLG11;11.728.688/0001-47
CSHG PRIME OFFICES FUNDO DE INVESTIMENTO IMOBILIÁRIO;HGPO11;11.260.134/0001-68
CSHG REAL ESTATE FUNDO DE INVESTIMENTO IMOBILIÁRIO;HGRE11;09.072.017/0001-29
CSHG RESIDENCIAL FUNDO DE INVESTIMENTO IMOBILIÁRIO;HGRS11;41.922.239/0001-04
CSHG RENDA URBANA FUNDO DE INVESTIMENTO IMOBILIÁRIO;HGRU11;29.641.226/0001-53
HIRE LOG I FUNDO DE INVESTIMENTO IMOBILIÁRIO;HILG11;34.867.728/0001-37
HEDGE LOGÍSTICA FUNDO DE INVESTIMENTO IMOBILIÁRIO;HLOG11;27.486.542/0001-72
HEDGE OFFICE INCOME FUNDO DE INVESTIMENTO IMOBILIÁRIO;HOFC11;31.894.369/0001-19
FUNDO DE INVESTIMENTO IMOBILIÁRIO HOUSI;HOSI11;34.081.631/0001-02
HEDGE SHOPPING PARQUE DOM PEDRO FUNDO DE INVESTIMENTO IMOBILIÁRIO;HPDP11;35.586.415/0001-73
HEDGE REALTY DEVELOPMENT FUNDO DE INVESTIMENTO IMOBILIÁRIO;HRDF11;16.929.519/0001-99
HEDGE RECEBÍVEIS IMOBILIÁRIOS FUNDO DE INVESTIMENTO IMOBILIÁRIO;HREC11;35.507.262/0001-21
HSI ATIVOS FINANCEIROS FUNDO DE INVESTIMENTO IMOBILIÁRIO;HSAF11;35.360.687/0001-50
HSI LOGÍSTICA FUNDO DE INVESTIMENTO IMOBILIÁRIO;HSLG11;32.903.621/0001-71
HSI MALLS FUNDO DE INVESTIMENTO IMOBILIÁRIO;HSML11;32.892.018/0001-31
HSI RENDA IMOBILIÁRIA FUNDO DE INVESTIMENTO IMOBILIÁRIO;HSRE11;08.098.114/0001-28
FUNDO DE INVESTIMENTO IMOBILIÁRIO HOTEL MAXINVEST;HTMX11;08.706.065/0001-69
FUNDO DE INVESTIMENTO IMOBILIÁRIO HOSPITAL UNIMED CAMPINA GRANDE;HUCG11;39.347.413/0001-82
FUNDO DE INVESTIMENTO IMOBILIÁRIO HOSPITAL UNIMED SUL CAPIXABA;HUSC11;28.851.767/0001-43
HUSI FUNDO DE INVESTIMENTO IMOBILIÁRIO;HUSI11;30.017.492/0001-99
FUNDO DE INVESTIMENTO IMOBILIÁRIO DE CRI INTEGRAL BREI;IBCR11;40.011.251/0001-96
FUNDO DE INVESTIMENTO IMOBILIÁRIO DE UNIDADES AUTÔNOMAS;IDFI11;32.774.914/0001-04
FUNDO DE INVESTIMENTO IMOBILIÁRIO IRIDIUM RECEBÍVEIS IMOBILIÁRIOS;IRDM11;28.830.325/0001-10
IRIDIUM FUNDO DE INVESTIMENTO IMOBILIÁRIO;IRIM11;41.076.564/0001-95
INTER TEVA ÍNDICE DE PAPEL FUNDO DE INVESTIMENTO IMOBILIÁRIO;ITIP11;36.312.772/0001-06
INTER TEVA ÍNDICE DE TIJOLO FUNDO DE INVESTIMENTO IMOBILIÁRIO;ITIT11;36.293.425/0001-83
JASC RENDA VAREJO ESSENCIAL FUNDO DE INVESTIMENTO IMOBILIÁRIO;JASC11;40.886.241/0001-02
JBFO FOF FUNDO DE INVESTIMENTO IMOBILIÁRIO;JBFO11;36.615.915/0001-59
JACARANDÁ I FUNDO DE INVESTIMENTO IMOBILIARIO;JCDA11;31.772.231/0001-47
JACARANDÁ 02 FUNDO DE INVESTIMENTO IMOBILIÁRIO;JCDB11;35.705.542/0001-44
JFL LIVING FUNDO DE INVESTIMENTO IMOBILIÁRIO;JFLL11;36.501.181/0001-87
JPP CAPITAL RECEBÍVEIS IMOBILIÁRIOS FUNDO DE INVESTIMENTO IMOBILIÁRIO;JPPA11;30.982.880/0001-00
JPP CAPITAL FUNDO DE INVESTIMENTO IMOBILIÁRIO;JPPC11;17.216.625/0001-98
FUNDO DE INVESTIMENTO IMOBILIÁRIO SHOPPING JARDIM SUL;JRDM11;14.879.856/0001-93
JS ATIVOS FINANCEIROS FUNDO DE INVESTIMENTO IMOBILIÁRIO;JSAF11;42.085.661/0001-07
JS REAL ESTATE MULTIGESTÃO FUNDO DE INVESTIMENTO IMOBILIÁRIO;JSRE11;13.371.132/0001-71
JT PREV FUNDO DE INVESTIMENTO IMOBILIÁRIO D. HAB;JTPR11;23.876.086/0001-16
KINEA CREDITAS FUNDO DE INVESTIMENTO IMOBILIÁRIO;KCRE11;42.502.802/0001-40
EVEN II KINEA FUNDO DE INVESTIMENTO IMOBILIÁRIO;KEVE11;32.317.313/0001-64
FUNDO DE FUNDOS DE INVESTIMENTO IMOBILIÁRIO KINEA FII;KFOF11;30.091.444/0001-40
EVEN PERMUTA KINEA FUNDO DE INVESTIMENTO IMOBILIÁRIO;KINP11;24.070.076/0001-51
KILIMA FUNDO DE INVESTIMENTO EM COTAS DE FUNDOS IMOBILIÁRIOS SUNO 30;KISU11;36.669.660/0001-07
KILIMA VOLKANO RECEBÍVEIS IMOBILIÁRIOS FUNDO DE INVESTIMENTO IMOBILIÁRIO;KIVO11;42.273.325/0001-98
KINEA RENDIMENTOS IMOBILIÁRIOS FUNDO DE INVESTIMENTO IMOBILIÁRIO;KNCR11;16.706.958/0001-32
KINEA HEDGE FUND FUNDO DE INVESTIMENTO IMOBILIÁRIO;KNHF11;42.754.342/0001-47
KINEA HIGH YIELD CRI FUNDO DE INVESTIMENTO IMOBILIÁRIO;KNHY11;30.130.708/0001-28
KINEA ÍNDICES DE PREÇOS FUNDO DE INVESTIMENTO IMOBILIÁRIO;KNIP11;24.960.430/0001-13
KINEA PREMIUM PROPERTIES FUNDO DE INVESTIMENTO IMOBILIÁRIO;KNPR11;42.737.059/0001-07
KINEA II REAL ESTATE EQUITY FUNDO DE INVESTIMENTO IMOBILIÁRIO;KNRE11;14.423.780/0001-97
KINEA RENDA IMOBILIÁRIA FUNDO DE INVESTIMENTO IMOBILIÁRIO;KNRI11;12.005.956/0001-65
KINEA SECURITIES FUNDO DE INVESTIMENTO IMOBILIÁRIO;KNSC11;35.864.448/0001-38
LEGATUS SHOPPINGS FUNDO DE INVESTIMENTO IMOBILIÁRIO;LASC11;30.248.158/0001-46
LATERES FUNDO DE INVESTIMENTO IMOBILIÁRIO;LATR11B;17.209.378/0001-00
LAVOURA FUNDO DE INVESTIMENTO IMOBILIÁRIO;LAVF11;37.467.733/0001-40
LOFT II FUNDO DE INVESTIMENTO IMOBILIÁRIO;LFTT11;24.796.967/0001-90
LOGCP INTER FUNDO DE INVESTIMENTO IMOBILIÁRIO;LGCP11;34.598.181/0001-11
LIFE CAPITAL PARTNERS FUNDO DE INVESTIMENTOS IMOBILIÁRIO;LIFE11;39.753.295/0001-02
FUNDO DE INVESTIMENTO IMOBILIÁRIO DEVELOPMENT V1;LKDV11;40.102.445/0001-05
BS2 ALLINVESTMENTS FUNDO DE INVESTIMENTO IMOBILIÁRIO;LLAO11;41.218.404/0001-33
LOFT I FUNDO DE INVESTIMENTO IMOBILIÁRIO;LOFT11B;19.722.048/0001-31
LAGO DA PEDRA FUNDO DE INVESTIMENTO IMOBILIÁRIO;LPLP11;37.262.752/0001-30
FUNDO DE INVESTIMENTO IMOBILIÁRIO LEBLON REALTY DESENVOLVIMENTO I;LRDI11;41.088.534/0001-07
LESTE RIVA EQUITY PREFERENCIAL I FUNDO DE INVESTIMENTO IMOBILIÁRIO;LSPA11;31.847.293/0001-70
LUGGO FUNDO DE INVESTIMENTO IMOBILIÁRIO;LUGG11;34.835.191/0001-23
FUNDO DE INVESTIMENTO IMOBILIÁRIO VBI LOGÍSTICO;LVBI11;30.629.603/0001-18
MALLS BRASIL PLURAL FUNDO DE INVESTIMENTO IMOBILIÁRIO;MALL11;26.499.833/0001-32
MANATÍ CAPITAL HEDGE FUND FUNDO DE INVESTIMENTO IMOBILIÁRIO;MANA11;42.888.583/0001-89
MORE GESTÃO ATIVA DE RECEBÍVEIS FUNDO DE INVESTIMENTO IMOBILIÁRIO;MATV11;41.076.678/0001-35
FUNDO DE INVESTIMENTO IMOBILIÁRIO MAX RETAIL;MAXR11;11.274.415/0001-70
FUNDO DE INVESTIMENTO IMOBILIÁRIO MAUÁ CAPITAL RECEBÍVEIS IMOBILIÁRIOS;MCCI11;23.648.935/0001-84
MAUÁ CAPITAL HEDGE FUND FUNDO DE INVESTIMENTO IMOBILIÁRIO;MCHF11;36.642.139/0001-86
FUNDO DE INVESTIMENTO IMOBILIÁRIO MAUÁ HIGH YIELD;MCHY11;36.655.973/0001-06
MÉRITO FUNDOS E AÇÕES IMOBILIÁRIAS FUNDO DE INVESTIMENTO IMOBILIÁRIO;MFAI11;32.397.369/0001-76
MÉRITO RECEBÍVEIS IMOBILIÁRIO FUNDO DE INVESTIMENTO IMOBILIÁRIO;MFCR11;45.403.337/0001-88
MÉRITO DESENVOLVIMENTO IMOBILIÁRIO I FUNDO DE INVESTIMENTO IMOBILIÁRIO;MFII11;16.915.968/0001-88
FUNDO DE INVESTIMENTO IMOBILIÁRIO MOGNO CERTIFICADOS DE RECEBÍVEIS IMOBILIÁRIOS HIGH GRADE;MGCR11;35.652.204/0001-91
FUNDO DE INVESTIMENTO IMOBILIÁRIO MOGNO FUNDO DE FUNDOS;MGFF11;29.216.463/0001-77
FUNDO DE INVESTIMENTO IMOBILIÁRIO MOGNO HOTÉIS;MGHT11;34.197.776/0001-65
MOGNO RENDA URBANA FUNDO DE INVESTIMENTO IMOBILIÁRIO;MGRI11;41.320.997/0001-44
FUNDO DE INVESTIMENTO IMOBILIÁRIO MINT EDUCACIONAL;MINT11;19.872.887/0001-36
FUNDO DE INVESTIMENTO IMOBILIÁRIO MAUÁ CAPITAL MPD DESENVOLVIMENTO RESIDENCIAL;MMPD11;41.080.968/0001-52
MARESIAS FUNDO DE INVESTIMENTO IMOBILIÁRIO;MMVE11;41.251.337/0001-59
MULTIOFFICES 2 FUNDO DE INVESTIMENTO IMOBILIÁRIO;MOFF11;31.508.219/0001-20
MORE RECEBÍVEIS IMOBILIÁRIOS FII FUNDO DE INVESTIMENTO IMOBILIÁRIO;MORC11;40.102.474/0001-69
MORE REAL ESTATE FOF FII FUNDO DE INVESTIMENTO IMOBILIÁRIO;MORE11;34.197.727/0001-22
ALIANZA MULTIOFFICES FUNDO DE INVESTIMENTO IMOBILIÁRIO;MTOF11;22.862.226/0001-34
FUNDO DE INVESTIMENTO IMOBILIÁRIO MV9;MVFI11;23.537.203/0001-17
MAXI RENDA FUNDO DE INVESTIMENTO IMOBILIÁRIO;MXRF11;97.521.225/0001-25
NAVI IMOBILIÁRIO TOTAL RETURN FUNDO DE INVESTIMENTO IMOBILIÁRIO;NAVT11;35.652.252/0001-80
FUNDO DE INVESTIMENTO IMOBILIÁRIO NCH BRASIL RECEBÍVEIS IMOBILIÁRIOS;NCHB11;18.085.673/0001-57
NAVI CRÉDITO IMOBILIÁRIO FUNDO DE INVESTIMENTO IMOBILIÁRIO;NCRI11;40.041.603/0001-56
NEWPORT LOGÍSTICA FUNDO DE INVESTIMENTO IMOBILIÁRIO;NEWL11;32.527.626/0001-47
NEWPORT RENDA URBANA FUNDO DE INVESTIMENTO IMOBILIÁRIO;NEWU11;14.793.782/0001-78
FUNDO DE INVESTIMENTO IMOBILIÁRIO HOSPITAL NOSSA SENHORA DE LOURDES;NSLU11;08.014.513/0001-63
FUNDO DE INVESTIMENTO IMOBILIÁRIO NOVO HORIZONTE;NVHO11;17.025.970/0001-44
NOVA I FUNDO DE INVESTIMENTO IMOBILIÁRIO;NVIF11B;22.003.469/0001-17
ÓRAMA HIGH YIELD FUNDO DE INVESTIMENTO IMOBILIÁRIO;OGHY11;47.240.631/0001-41
FUNDO DE INVESTIMENTO IMOBILIÁRIO THE ONE;ONEF11;12.948.291/0001-23
FUNDO DE INVESTIMENTO IMOBILIÁRIO OURINVEST FUNDO DE FUNDOS;OUFF11;30.791.386/0001-68
OURINVEST JPP FUNDO DE INVESTIMENTO IMOBILIÁRIO;OUJP11;26.091.656/0001-50
FUNDO DE INVESTIMENTO IMOBILIÁRIO OURINVEST LOGÍSTICA;OULG11;13.974.819/0001-00
FUNDO DE INVESTIMENTO IMOBILIÁRIO OURINVEST RENDA ESTRUTURADA;OURE11;28.516.650/0001-03
FUNDO DE INVESTIMENTO IMOBILIÁRIO PANAMBY;PABY11;00.613.094/0001-74
FUNDO DE INVESTIMENTO IMOBILIÁRIO PATEO BANDEIRANTES;PATB11;14.788.492/0001-36
PÁTRIA EDIFÍCIOS CORPORATIVOS FUNDO DE INVESTIMENTO IMOBILIÁRIO;PATC11;30.048.651/0001-12
PÁTRIA LOGÍSTICA FUNDO DE INVESTIMENTO IMOBILIÁRIO;PATL11;35.754.164/0001-99
PROLOGIS BRAZIL LOGISTICS VENTURE FUNDO DE INVESTIMENTO IMOBILIÁRIO;PBLV11;31.962.875/0001-06
PRAIA DO CASTELO FUNDO DE INVESTIMENTO IMOBILIÁRIO;PCAS11;24.514.406/0001-50
PERFORMA REAL ESTATE FUNDO DE INVESTIMENTO IMOBILIÁRIO;PEMA11;34.736.510/0001-43
PLURAL RECEBÍVEIS IMOBILIÁRIOS FUNDO DE INVESTIMENTO IMOBILIÁRIO;PLCR11;32.527.683/0001-26
PLURAL LOGÍSTICA FUNDO DE INVESTIMENTO IMOBILIÁRIO;PLOG11;36.501.198/0001-34
POLO FII RECEBÍVEIS IMOBILIÁRIOS I;PLRI11;14.080.689/0001-16
PANORAMA DESENVOLVIMENTO LOGÍSTICO FUNDO DE INVESTIMENTO IMOBILIÁRIO;PNDL11;37.899.400/0001-90
PANORAMA LAST MILE SBC FUNDO DE INVESTIMENTO IMOBILIÁRIO;PNLN11;40.887.170/0001-54
PANORAMA PROPERTIES FUNDO DE INVESTIMENTO IMOBILIÁRIO;PNPR11;26.813.118/0001-22
PANORAMA REAL ESTATE CRÉDITO FUNDO DE INVESTIMENTO IMOBILIÁRIO;PNRC11;46.157.348/0001-98
POLO CRÉDITO IMOBILIÁRIO FUNDO DE INVESTIMENTO IMOBILIÁRIO;PORD11;17.156.502/0001-09
PARQUE ANHANGUERA FUNDO DE INVESTIMENTO IMOBILIÁRIO;PQAG11;12.978.943/0001-72
FUNDO DE INVESTIMENTO IMOBILIÁRIO PARQUE DOM PEDRO SHOPPING CENTER;PQDP11;10.869.155/0001-12
PERSONALE I FUNDO DE INVESTIMENTO IMOBILIÁRIO;PRSN11B;14.056.001/0001-62
PRESIDENTE VARGAS FUNDO DE INVESTIMENTO IMOBILIÁRIO;PRSV11;11.281.322/0001-72
PRAZO FUNDO DE INVESTIMENTO IMOBILIÁRIO;PRZS11;30.258.790/0001-70
FUNDO DE INVESTIMENTO IMOBILIÁRIO VBI PRIME PROPERTIES;PVBI11;35.652.102/0001-76
QUASAR AGRO FUNDO DE INVESTIMENTO IMOBILIÁRIO;QAGR11;32.754.734/0001-52
QUASAR CRÉDITO IMOBILIÁRIO FUNDO DE INVESTIMENTO IMOBILIÁRIO;QAMI11;32.400.264/0001-29
RB CAPITAL DESENVOLVIMENTO RESIDENCIAL II FUNDO DE INVESTIMENTO IMOBILIÁRIO;RBDS11;11.945.604/0001-27
FUNDO DE INVESTIMENTO IMOBILIÁRIO RIO BRAVO RENDA EDUCACIONAL;RBED11;13.873.457/0001-52
RIO BRAVO FUNDO DE FUNDOS DE INVESTIMENTO IMOBILIÁRIO;RBFF11;17.329.029/0001-14
RIO BRAVO CRÉDITO IMOBILIÁRIO HIGH GRADE FUNDO DE INVESTIMENTO IMOBILIÁRIO;RBHG11;30.647.758/0001-87
RIO BRAVO CRÉDITO IMOBILIÁRIO HIGH YIELD FUNDO DE INVESTIMENTO IMOBILIÁRIO;RBHY11;37.899.479/0001-50
RB CAPITAL DESENVOLVIMENTO RESIDENCIAL IV FUNDO DE INVESTIMENTO IMOBILIÁRIO;RBIR11;31.161.410/0001-48
RB CAPITAL LOGÍSTICO FUNDO DE INVESTIMENTO IMOBILIÁRIO;RBLG11;35.652.227/0001-04
FUNDO DE INVESTIMENTO IMOBILIÁRIO RIO BRAVO OPORTUNIDADES IMOBILIÁRIAS;RBOP11;13.500.306/0001-59
RB CAPITAL RENDA II FUNDO DE INVESTIMENTO IMOBILIÁRIO;RBRD11;09.006.914/0001-34
RBR ALPHA MULTIESTRATÉGIA REAL ESTATE FUNDO DE INVESTIMENTO IMOBILIÁRIO;RBRF11;27.529.279/0001-51
FUNDO DE INVESTIMENTO IMOBILIÁRIO RBR DESENVOLVIMENTO III;RBRI11;32.441.656/0001-36
RBR LOG FUNDO DE INVESTIMENTO IMOBILIÁRIO;RBRL11;35.705.463/0001-33
FUNDO DE INVESTIMENTO IMOBILIÁRIO RBR DESENVOLVIMENTO;RBRM11;26.314.437/0001-93
FUNDO DE INVESTIMENTO IMOBILIÁRIO RBR PROPERTIES;RBRP11;21.408.063/0001-51
FUNDO DE INVESTIMENTO IMOBILIÁRIO RBR RENDIMENTO HIGH GRADE;RBRR11;29.467.977/0001-03
FUNDO DE INVESTIMENTO IMOBILIÁRIO RIO BRAVO RENDA RESIDENCIAL;RBRS11;36.517.660/0001-91
RBR PLUS MULTIESTRATÉGIA REAL ESTATE FUNDO DE INVESTIMENTO IMOBILIÁRIO;RBRX11;41.088.458/0001-21
FUNDO DE INVESTIMENTO IMOBILIÁRIO RBR CRÉDITO IMOBILIÁRIO ESTRUTURADO;RBRY11;30.166.700/0001-11
RB CAPITAL TFO SITUS FUNDO DE INVESTIMENTO IMOBILIÁRIO;RBTS11;29.299.737/0001-39
FUNDO DE INVESTIMENTO IMOBILIÁRIO RIO BRAVO RENDA VAREJO;RBVA11;15.576.907/0001-70
RIO BRAVO CRÉDITO IMOBILIÁRIO II FUNDO DE INVESTIMENTO IMOBILIÁRIO;RBVO11;15.769.670/0001-44
GRUPO RCFA FUNDO DE INVESTIMENTO IMOBILIÁRIO;RCFA11;27.771.586/0001-44
RBR DESENVOLVIMENTO COMERCIAL FEEDER FOF FUNDO DE INVESTIMENTO IMOBILIÁRIO;RCFF11;35.689.670/0001-41
ROCK FUNDO DE INVESTIMENTO IMOBILIÁRIO;RCKF11;43.010.139/0001-29
FUNDO DE INVESTIMENTO IMOBILIÁRIO RIO BRAVO RENDA CORPORATIVA;RCRB11;03.683.056/0001-86
BB RENDA DE PAPÉIS IMOBILIÁRIOS II FUNDO DE INVESTIMENTO IMOBILIÁRIO;RDPD11;23.120.027/0001-13
FUNDO DE INVESTIMENTO IMOBILIÁRIO REC RECEBÍVEIS IMOBILIÁRIOS;RECR11;28.152.272/0001-26
FUNDO DE INVESTIMENTO IMOBILIÁRIO REC RENDA IMOBILIÁRIA;RECT11;32.274.163/0001-59
FUNDO DE INVESTIMENTO IMOBILIÁRIO REC FUNDO DE FUNDOS;RECX11;36.642.356/0001-76
SINGULARE FUNDO DE INVESTIMENTO IMOBILIÁRIO;REIT11;16.841.067/0001-99
FUNDO DE INVESTIMENTO IMOBILIÁRIO REC LOGÍSTICA;RELG11;37.112.770/0001-36
RESIDENCIAIS ONE FUNDO DE INVESTIMENTO IMOBILIÁRIO;REON11;20.173.064/0001-00
FUNDO DE INVESTIMENTO IMOBILIÁRIO RB CAPITAL I FUNDO DE FUNDOS;RFOF11;34.027.774/0001-28
REAL INVESTOR FUNDO DE INVESTIMENTO IMOBILIÁRIO;RINV11;44.625.612/0001-45
REAG MULTI ATIVOS IMOBILIÁRIOS FUNDO DE INVESTIMENTO IMOBILIÁRIO;RMAI11;17.374.696/0001-19
BB RENDA DE PAPÉIS IMOBILIÁRIOS FUNDO DE INVESTIMENTO IMOBILIÁRIO;RNDP11;15.394.563/0001-89
FUNDO DE INVESTIMENTO IMOBILIÁRIO RIO NEGRO;RNGO11;15.006.286/0001-90
FUNDO DE INVESTIMENTO IMOBILIÁRIO ROOFTOP I;ROOF11;38.456.598/0001-09
RBR PREMIUM RECEBÍVEIS IMOBILIÁRIOS FUNDO DE INVESTIMENTO IMOBILIÁRIO;RPRI11;42.502.842/0001-91
RB CAPITAL RECEBÍVEIS IMOBILIÁRIOS FUNDO DE INVESTIMENTO IMOBILIÁRIO;RRCI11;35.689.733/0001-60
RB CAPITAL DESENVOLVIMENTO RESIDENCIAL III FUNDO DE INVESTIMENTO IMOBILIÁRIO;RSPD11;19.249.989/0001-08
VBI REITS FOF FUNDO DE INVESTIMENTO IMOBILIÁRIO;RVBI11;35.507.457/0001-71
RIZA AKIN FUNDO DE INVESTIMENTO IMOBILIÁRIO;RZAK11;36.642.219/0001-31
RIZA ARCTIUM REAL ESTATE FUNDO INVESTIMENTO IMOBILIÁRIO;RZAT11;28.267.696/0001-36
RIZA DOMUS MULTIESTRATÉGIA FUNDO DE INVESTIMENTO IMOBILIÁRIO;RZDM11;45.742.247/0001-11
FUNDO DE INVESTIMENTO IMOBILIÁRIO RIZA TERRAX;RZTR11;36.501.128/0001-86
SÃO CARLOS RENDA IMOBILIÁRIA FUNDO DE INVESTIMENTO IMOBILIÁRIO;SACL11;41.833.927/0001-90
SANTANDER PAPÉIS IMOBILIÁRIOS CDI FUNDO DE INVESTIMENTO IMOBILIÁRIO;SADI11;32.903.521/0001-45
FUNDO DE INVESTIMENTO IMOBILIÁRIO SIA CORPORATE;SAIC11B;17.311.079/0001-74
VÊNUS FUNDO DE INVESTIMENTO IMOBILIÁRIO;SALI11;36.669.535/0001-05
SANTANDER RENDA DE ALUGUÉIS FUNDO DE INVESTIMENTO IMOBILIÁRIO;SARE11;32.903.702/0001-71
FRAM CAPITAL SBCLOG FUNDO DE INVESTIMENTO IMOBILIÁRIO;SBCL11;34.471.719/0001-22
SCP FUNDO DE INVESTIMENTO IMOBILIÁRIO;SCPF11;01.657.856/0001-05
FUNDO DE INVESTIMENTO IMOBILIÁRIO SDI RIO BRAVO RENDA LOGÍSTICA;SDIL11;16.671.412/0001-93
HEDGE SEED FUNDO DE INVESTIMENTO IMOBILIÁRIO;SEED11;35.689.497/0001-81
SEQUÓIA III RENDA IMOBILIÁRIA FUNDO DE INVESTIMENTO IMOBILIÁRIO;SEQR11;09.517.273/0001-82
FUNDO DE INVESTIMENTO IMOBILIÁRIO SÃO FERNANDO;SFND11;09.350.920/0001-04
FUNDO DE INVESTIMENTO IMOBILIÁRIO SHOPPING PARQUE D PEDRO;SHDP11B;07.224.019/0001-60
MULTI SHOPPINGS FUNDO DE INVESTIMENTO IMOBILIÁRIO;SHOP11;22.459.737/0001-00
FUNDO DE INVESTIMENTO IMOBILIÁRIO SHOPPING PÁTIO HIGIENÓPOLIS;SHPH11;03.507.519/0001-59
SH SPECIAL OPPS FUNDO DE INVESTIMENTO IMOBILIÁRIO;SHSO11;44.527.168/0001-25
SIG CAPITAL RECEBÍVEIS PULVERIZADOS FUNDO DE INVESTIMENTO IMOBILIÁRIO;SIGR11;40.011.324/0001-40
SJ AU LOGÍSTICA FUNDO DE INVESTIMENTO IMOBILIÁRIO;SJAU11;27.771.547/0001-47
SUNO RECEBÍVEIS IMOBILIÁRIOS FUNDO DE INVESTIMENTO IMOBILIÁRIO;SNCI11;41.076.710/0001-82
SUNO ENERGIAS LIMPAS FUNDO DE INVESTIMENTO IMOBILIÁRIO;SNEL11;43.741.171/0001-84
SUNO FUNDO DE FUNDOS DE INVESTIMENTO IMOBILIÁRIO;SNFF11;40.011.225/0001-68
SUNO LOG FUNDO DE INVESTIMENTO IMOBILIÁRIO;SNLG11;40.041.711/0001-29
SOLARIUM FUNDO DE INVESTIMENTO IMOBILIÁRIO;SOLR11;22.169.671/0001-13
SPA FUNDO DE INVESTIMENTO IMOBILIÁRIO;SPAF11;18.311.024/0001-27
WHG FINVEST SP REALTY FUNDO DE INVESTIMENTO IMOBILIÁRIO;SPDE11;43.741.150/0001-69
SUPREMO FUNDO DE INVESTIMENTO IMOBILIÁRIO;SPMO11;40.225.262/0001-79
SP DOWNTOWN FUNDO DE INVESTIMENTO IMOBILIÁRIO;SPTW11;15.538.445/0001-05
FUNDO DE INVESTIMENTO IMOBILIÁRIO SUCCESPAR VAREJO;SPVJ11;27.538.422/0001-71
FUNDO DE INVESTIMENTO IMOBILIÁRIO SPX SYN MULTIESTRATÉGIA;SPXS11;43.010.543/0001-00
SERRA VERDE FUNDO DE INVESTIMENTO IMOBILIÁRIO;SRVD11;38.082.796/0001-41
STARX FUNDO DE INVESTIMENTO IMOBILIÁRIO;STRX11;11.044.355/0001-07
G5 CIDADE NOVA FUNDO DE INVESTIMENTO IMOBILIÁRIO;TCIN11;34.197.700/0001-30
TREECORP REAL ESTATE FUNDO DE INVESTIMENTO IMOBILIÁRIO;TCPF11;26.990.011/0001-50
TELLUS DESENVOLVIMENTO LOGÍSTICO FUNDO DE INVESTIMENTO IMOBILIÁRIO;TELD11;36.200.701/0001-11
TELLUS MULTIESTRATÉGIA FUNDO DE INVESTIMENTO IMOBILIÁRIO;TELM11;45.188.099/0001-35
TELLUS PROPERTIES FUNDO DE INVESTIMENTO IMOBILIÁRIO;TEPP11;26.681.370/0001-25
FUNDO DE INVESTIMENTO IMOBILIÁRIO TG ATIVO REAL;TGAR11;25.032.881/0001-53
TJK RENDA IMOBILIÁRIA FUNDO DE INVESTIMENTO IMOBILIÁRIO;TJKB11;39.714.024/0001-48
TORDESILHAS EI FUNDO DE INVESTIMENTO IMOBILIÁRIO;TORD11;30.230.870/0001-18
FUNDO DE INVESTIMENTO IMOBILIÁRIO TORRE NORTE;TRNT11;04.722.883/0001-02
TRX REAL ESTATE II FUNDO DE INVESTIMENTO IMOBILIÁRIO;TRXB11;36.368.925/0001-37
TRX REAL ESTATE FUNDO DE INVESTIMENTO IMOBILIÁRIO;TRXF11;28.548.288/0001-52
TISHMAN SPEYER RENDA CORPORATIVA FUNDO DE INVESTIMENTO IMOBILIÁRIO;TSER11;34.847.042/0001-84
TRANSINC FUNDO DE INVESTIMENTO IMOBILIÁRIO;TSNC11;17.007.443/0001-07
URCA PRIME RENDA FUNDO DE INVESTIMENTO IMOBILIÁRIO;URPR11;34.508.872/0001-87
VECTIS JUROS REAL FUNDO DE INVESTIMENTO IMOBILIÁRIO;VCJR11;32.400.250/0001-05
VINCI CREDIT SECURITIES FUNDO DE INVESTIMENTO IMOBILIÁRIO;VCRI11;41.081.374/0001-66
VECTIS RENDA RESIDENCIAL FUNDO DE INVESTIMENTO IMOBILIÁRIO;VCRR11;40.041.723/0001-53
VIC DESENVOLVIMENTO VINTAGE 22/23 FUNDO DE INVESTIMENTO IMOBILIÁRIO;VDSV11;43.951.875/0001-81
FUNDO DE INVESTIMENTO IMOBILIÁRIO VEREDA;VERE11;08.693.497/0001-82
VALORA HEDGE FUND FUNDO DE INVESTIMENTO IMOBILIÁRIO;VGHF11;36.771.692/0001-19
VALORA CRI ÍNDICE DE PREÇO FUNDO DE INVESTIMENTO IMOBILIÁRIO;VGIP11;34.197.811/0001-46
VALORA CRI CDI FUNDO DE INVESTIMENTO IMOBILIARIO;VGIR11;29.852.732/0001-91
VIC DESENVOLVIMENTO VINTAGE 20/21 FUNDO DE INVESTIMENTO IMOBILIÁRIO;VIDS11;32.527.552/0001-49
VINCI INSTRUMENTOS FINANCEIROS FUNDO DE INVESTIMENTO IMOBILIÁRIO;VIFI11;31.547.855/0001-60
VINCI LOGÍSTICA FUNDO DE INVESTIMENTO IMOBILIÁRIO;VILG11;24.853.044/0001-22
VINCI OFFICES FUNDO DE INVESTIMENTO IMOBILIÁRIO;VINO11;12.516.185/0001-70
VINCI SHOPPING CENTERS FUNDO DE INVESTIMENTO IMOBILIÁRIO;VISC11;17.554.274/0001-25
VINCI IMÓVEIS URBANOS FUNDO DE INVESTIMENTO IMOBILIÁRIO;VIUR11;36.445.587/0001-90
JFDCAM FUNDO DE INVESTIMENTO IMOBILIÁRIO;VJFD11;15.489.509/0001-17
VECTOR QUELUZ LAJES CORPORATIVAS FUNDO DE INVESTIMENTO IMOBILIÁRIO;VLJS11;13.842.683/0001-76
FUNDO DE INVESTIMENTO IMOBILIÁRIO VILA OLÍMPIA CORPORATE;VLOL11;15.296.696/0001-12
VOTORANTIM SECURITIES MASTER FUNDO DE INVESTIMENTO IMOBILIÁRIO;VOTS11;17.870.926/0001-30
FUNDO DE INVESTIMENTO IMOBILIÁRIO POLO SHOPPING INDAIATUBA;VPSI11;14.721.889/0001-00
FATOR VERITÀ FUNDO DE INVESTIMENTO IMOBILIÁRIO;VRTA11;11.664.201/0001-00
FUNDO DE INVESTIMENTO IMOBILIÁRIO VOTORANTIM SECURITIES;VSEC11;10.347.505/0001-80
FUNDO DE INVESTIMENTO IMOBILIÁRIO VOTORANTIM SHOPPING;VSHO11;23.740.595/0001-17
VERSALHES RECEBÍVEIS IMOBILIÁRIOS FUNDO DE INVESTIMENTO IMOBILIÁRIO;VSLH11;36.244.015/0001-42
FUNDO DE INVESTIMENTO IMOBILIÁRIO VOTORANTIM LOGÍSTICA;VTLT11;27.368.600/0001-63
FUNDO DE INVESTIMENTO IMOBILIÁRIO VOTORANTIM PATRIMONIAL V;VTPA11;21.500.481/0001-74
PARKING PARTNERS FUNDO DE INVESTIMENTO IMOBILIÁRIO;VTVI11;21.500.514/0001-86
FUNDO DE INVESTIMENTO IMOBILIÁRIO VOTORANTIM PATRIMONIAL XII;VTXI11;23.740.552/0001-31
FUNDO DE INVESTIMENTO IMOBILIÁRIO V2 PROPERTIES;VVPR11;33.045.581/0001-37
GENESIS MULTIESTRATÉGIA FUNDO DE INVESTIMENTO IMOBILIÁRIO;VXXV11;30.982.974/0001-89
WHG REAL ESTATE FUNDO DE INVESTIMENTO IMOBILIÁRIO;WHGR11;41.256.643/0001-88
SHOPPING WEST PLAZA FUNDO DE INVESTIMENTO IMOBILIÁRIO;WPLZ11;09.326.861/0001-39
WARREN SECURITIES FUNDO DE INVESTIMENTO IMOBILIÁRIO;WSEC11;43.440.579/0001-16
FUNDO DE INVESTIMENTO IMOBILIÁRIO OURINVEST RE I;WTSP11B;28.693.595/0001-27
R CAP 1810 FUNDO DE FUNDOS FUNDO DE INVESTIMENTO IMOBILIÁRIO;XBXO11;36.814.809/0001-02
XP CRÉDITO IMOBILIÁRIO FUNDO DE INVESTIMENTO IMOBILIÁRIO;XPCI11;28.516.301/0001-91
XP CORPORATE MACAÉ FUNDO DE INVESTIMENTO IMOBILIÁRIO;XPCM11;16.802.320/0001-03
XP HOTÉIS FUNDO DE INVESTIMENTO IMOBILIÁRIO;XPHT11;18.308.516/0001-63
XP INDUSTRIAL FUNDO DE INVESTIMENTO IMOBILIÁRIO;XPIN11;28.516.325/0001-40
XP LOG FUNDO DE INVESTIMENTO IMOBILIÁRIO;XPLG11;26.502.794/0001-85
XP MALLS FUNDO DE INVESTIMENTO IMOBILIÁRIO;XPML11;28.757.546/0001-00
XP PROPERTIES FUNDO DE INVESTIMENTO IMOBILIÁRIO;XPPR11;30.654.849/0001-40
XP SELECTION FUNDO DE FUNDOS DE INVESTIMENTO IMOBILIÁRIO;XPSF11;30.983.020/0001-90
YUCA FUNDO DE INVESTIMENTO IMOBILIÁRIO;YUFI11;36.445.551/0001-06
ZAVIT REAL ESTATE FUND FUNDO DE INVESTIMENTO IMOBILIÁRIO;ZAVI11;40.575.940/0001-23
ZION CAPITAL FUNDO DE INVESTIMENTO IMOBILIÁRIO;ZIFI11;35.820.768/0001-96
3R PETROLEUM;RRRP3;12.091.809/0001-55
3TENTOS;TTEN3;94.813.102/0001-70
AERIS;AERI3;12.528.708/0001-07
AES TIETE ENERGIA;TIET11/TIET3/TIET4;04.128.563/0001-10
AGROGALAXY;AGXY3;21.240.146/0001-84
ALLIED;ALLD3;20.247.322/0001-47
ALPARGATAS;ALPA3/ALPA4;61.079.117/0001-05
ALPHAVILLE;AVLL3;16.811.931/0001-00
ALUPAR INVESTIMENTO;ALUP11/ALUP3/ALUP4;08.364.948/0001-38
AMBEV;ABEV3;07.526.557/0001-00
AMBIPAR;AMBP3;12.648.266/0001-24
ANIMA HOLDING;ANIM3;09.288.252/0001-32
AREZZO INDÚSTRIA E COMÉRCIO;ARZZ3;16.590.234/0001-76
ARMAC;ARML3;00.242.184/0001-04
ATACADÃO;CRFB3;75.315.333/0001-09
ATOM;ATOM3;00.359.742/0001-08
AUREN ENERGIA;AURE3;28.594.234/0001-23
AZUL;AZUL4;09.305.994/0001-29
B2W – COMPANHIA DIGITAL;BTOW3;00.776.574/0001-56
B3 – BRASIL – BOLSA – BALCÃO;B3SA3;09.346.601/0001-25
BANCO ABC BRASIL;ABCB4;28.195.667/0001-06
BANCO BMG;BMGB4;61.186.680/0001-74
BANCO BRADESCO;BBDC3/BBDC4;60.746.948/0001-12
BANCO BTG PACTUAL;BPAC11/BPAC3/BPAC5;30.306.294/0001-45
BANCO DO BRASIL;BBAS3;00.000.000/0001-91
BANCO PAN;BPAN4;59.285.411/0001-13
BANCO PINE;PINE3/PINE4;62.144.175/0001-20
BANCO SANTANDER;SANB11/SANB3/SANB4;90.400.888/0001-42
BANRISUL;BRSR3/BRSR5/BRSR6;92.702.067/0001-96
BB SEGURIDADE;BBSE3;17.344.597/0001-94
BEMOBI;BMOB3;09.042.817/0001-05
BIOSEV;BSEV3;15.527.906/0001-36
BLAU FARMACÊUTICA;BLAU3;58.430.828/0001-60
BOA SAFRA;SOJA3;10.807.374/0001-77
BOA VISTA;BOAS3;11.725.176/0001-27
BOMBRIL;BOBR3/BOBR4;50.564.053/0001-03
BR MALLS PARTICIPACOES;BRML3;06.977.745/0001-91
BR PARTNERS;BRBI11;10.739.356/0001-03
BR PROPERTIES;BRPR3;06.977.751/0001-49
BRADESPAR;BRAP3/BRAP4;03.847.461/0001-92
BRASIL BROKERS;BBRK3;08.613.550/0001-98
BRASILAGRO;AGRO3;07.628.528/0001-59
BRASKEM;BRKM3/BRKM5/BRKM6;42.150.391/0001-70
BRF;BRFS3;01.838.723/0001-27
BRISANET;BRIT3;19.796.586/0001-70
C&A MODAS;CEAB3;45.242.914/0001-05
CAIXA SEGURIDADE;CXSE3;22.543.331/0001-00
CAMIL ALIMENTOS;CAML3;64.904.295/0001-03
CBA;CBAV3;61.409.892/0001-73
CCR;CCRO3;02.846.056/0001-97
CENTAURO;CNTO3;13.217.485/0001-11
CENTRO DE IMAGEM DIAGNOSTICOS;AALR3;42.771.949/0001-35
CIA BRASILEIRA DE DISTRIBUICAO;PCAR3/PCAR4;47.508.411/0001-56
CIA ENERGETICA DE MINAS GERAIS – CEMIG;CMIG3/CMIG4;17.155.730/0001-64
CIA ENERGETICA DE PERNAMBUCO – CELPE;CEPE3/CEPE5/CEPE6;10.835.932/0001-08
CIA ENERGETICA DO CEARA – COELCE;COCE3/COCE5/COCE6;07.047.251/0001-70
CIA FERRO LIGAS DA BAHIA – FERBASA;FESA3/FESA4;15.141.799/0001-03
CIA GAS DE SAO PAULO – COMGAS;CGAS3/CGAS5;61.856.571/0001-17
CIA LOCAÇÃO DAS AMÉRICAS;LCAM3;10.215.988/0001-60
CIA SANEAMENTO BASICO SAO PAULO – SABESP;SBSP3;43.776.517/0001-80
CIA SANEAMENTO DE MINAS GERAIS – COPASA;CSMG3;17.281.106/0001-03
CIA SANEAMENTO DO PARANA – SANEPAR;SAPR11/SAPR3/SAPR4;76.484.013/0001-45
CIA SIDERURGICA NACIONAL;CSNA3;33.042.730/0001-04
CIA TECIDOS NORTE DE MINAS COTEMINAS;CTNM3/CTNM4;22.677.520/0001-76
CIA TRANSMISSÃO ENERGIA ELÉTRICA PAULISTA – CTEEP;TRPL3/TRPL4;02.998.611/0001-04
CIELO;CIEL3;01.027.058/0001-91
CLEAR SALE;CLSA3;03.802.115/0001-98
COGNA EDUCAÇÃO;COGN3;02.800.026/0001-40
CONSTRUTORA TENDA;TEND3;71.476.527/0001-35
COSAN;CSAN3;50.746.577/0001-15
CPFL ENERGIA;CPFE3;02.429.144/0001-93
CREMER;CREM3;82.641.325/0001-18
CRUZEIRO DO SUL EDUCACIONAL;CSED3;62.984.091/0001-02
CSN MINERAÇÃO;CMIN3;08.902.291/0001-15
CSU CARDSYSTEM;CARD3;01.896.779/0001-38
CURY;CURY3;08.797.760/0001-83
CVC BRASIL OPERADORA E AGÊNCIA DE VIAGENS;CVCB3;10.760.260/0001-19
CYRELA BRAZIL REALTYEMPREEND E PART;CYRE3;73.178.600/0001-18
CYRELA COMMERCIAL PROPERTIES;CCPR3;08.801.621/0001-86
D1000;DMVF3;12.108.897/0001-50
DESKTOP;DESK3;08.170.849/0001-15
DEXCO;DXCO3;97.837.181/0001-47
DIRECIONAL ENGENHARIA;DIRR3;16.614.075/0001-00
DOMMO;DMMO3;08.926.302/0001-05
DOTZ;DOTZ3;10.221.279/0001-97
DUFRY A.G.;DAGB33;11.423.623/0001-93
ECORODOVIAS INFRAESTRUTURA E LOGÍSTICA;ECOR3;04.149.454/0001-80
EDP – ENERGIAS DO BRASIL;ENBR3;03.983.431/0001-03
ELEKEIROZ;ELEK3/ELEK4;13.788.120/0001-47
ELETROBRAS;ELET3/ELET6;00.001.180/0001-26
ELETROMIDIA;ELMD3;09.347.516/0001-81
ELETROPAULO;ELPL3;61.695.227/0001-93
EMBRAER;EMBR3;07.689.002/0001-89
ENAUTA PARTICIPAÇÕES;ENAT3;11.669.021/0001-10
ENERGISA;ENGI11/ENGI3/ENGI4;00.864.214/0001-06
ENEVA;ENEV3;04.423.567/0001-21
ENGIE BRASIL ENERGIA;EGIE3;02.474.103/0001-19
ENJOEI;ENJU3;16.922.038/0001-51
EQUATORIAL ENERGIA;EQTL3;03.220.438/0001-73
ESPAÇO LASER;ESPA3;26.659.061/0001-59
ESTAPAR;ALPK3;60.537.263/0001-66
ETERNIT;ETER3;61.092.037/0001-81
EUCATEX;EUCA3/EUCA4;56.643.018/0001-66
EVEN CONSTRUTORA E INCORPORADORA;EVEN3;43.470.988/0001-65
EXCELSIOR ALIMENTOS;BAUH3/BAUH4;95.426.862/0001-97
EZ TEC;EZTC3;08.312.229/0001-73
FERTILIZANTES HERINGER;FHER3;22.266.175/0001-88
FLEURY;FLRY3;60.840.055/0001-31
FOCUS ENERGIA;POWE3;26.735.020/0001-02
FRAS-LE;FRAS3;88.610.126/0001-29
GAFISA;GFSA3;01.545.826/0001-07
GENERAL SHOPPING BRASIL;GSHP3;08.764.621/0001-53
GERDAU;GGBR3/GGBR4;33.611.500/0001-19
GET NINJAS;NINJ3;14.127.813/0001-51
GOL LINHAS AEREAS INTELIGENTES;GOLL4;06.164.253/0001-87
GRAZZIOTIN;CGRA3/CGRA4;92.012.467/0001-70
GRENDENE;GRND3;89.850.341/0001-60
GRUPO GPS;GGPS3;09.229.201/0001-30
GRUPO MATEUS;GMAT3;24.990.777/0001-09
GRUPO SOMA;SOMA3;10.285.590/0001-08
GRUPO VAMOS;VAMO3;23.373.000/0001-32
GUARARAPES CONFECCOES;GUAR3/GUAR4;08.402.943/0001-52
HAPVIDA;HAPV3;63.554.067/0001-98
HBR REALTY;HBRE3;14.785.152/0001-51
HELBOR EMPREENDIMENTOS;HBOR3;49.263.189/0001-02
HERING;HGTX3;78.876.950/0001-71
HIDROVIAS DO BRASIL;HBSA3;12.648.327/0001-53
HOSPITAL MATER DEI;MATD3;16.676.520/0001-59
HOTEIS OTHON;HOOT3/HOOT4;33.200.049/0001-47
HYPERA PHARMA;HYPE3;02.932.074/0001-91
IDEIASNET;IDNT3;02.365.069/0001-44
IGUATEMI EMPRESA DE SHOPPING CENTERS;IGTA3;51.218.147/0001-93
INDUSTRIAS ROMI;ROMI3;56.720.428/0001-63
INFRACOMMERCE;IFCM3;38.456.921/0001-36
INSTITUTO HERMES PARDINI;PARD3;19.378.769/0001-76
INTELBRAS;INTB3;82.901.000/0001-27
IOCHPE MAXION;MYPK3;61.156.113/0001-75
IRB – BRASIL RESSEGUROS;IRBR3;33.376.989/0001-91
ITAU UNIBANCO HOLDING;ITUB3/ITUB4;60.872.504/0001-23
ITAUSA INVESTIMENTOS;ITSA3/ITSA4;61.532.644/0001-15
JALLES MACHADO;JALL3;02.635.522/0001-95
JBS;JBSS3;02.916.265/0001-60
JHSF PARTICIPACOES;JHSF3;08.294.224/0001-65
JSL;JSLG3;52.548.435/0001-79
KARSTEN;CTKA3/CTKA4;82.640.558/0001-04
KEPLER WEBER;KEPL3;91.983.056/0001-69
KLABIN;KLBN11/KLBN3/KLBN4;89.637.490/0001-45
KORA SAÚDE;KRSA3;13.270.520/0001-66
LAVVI;LAVV3;26.462.693/0001-28
LIGHT;LIGT3;03.378.521/0001-75
LINX;LINX3;06.948.969/0001-75
LIVETECH DA BAHIA;LVTC3;05.917.486/0001-40
LOCALIZA RENT A CAR;RENT3;16.670.085/0001-55
LOCAWEB;LWSA3;02.351.877/0001-52
LOG COMMERCIAL PROPERTIES;LOGG3;09.041.168/0001-10
LOG-IN LOGISTICA INTERMODAL;LOGN3;42.278.291/0001-24
LOJAS AMERICANAS;LAME3/LAME4;33.014.556/0001-96
LOJAS MARISA;AMAR3;61.189.288/0001-89
LOJAS RENNER;LREN3;92.754.738/0001-62
LPS BRASIL – CONSULTORIA DE IMOVEIS;LPSB3;08.078.847/0001-09
LUPATECH;LUPA3;89.463.822/0001-12
M.DIAS BRANCO IND COM DE ALIMENTOS;MDIA3;07.206.816/0001-15
MAGAZINE LUIZA;MGLU3;47.960.950/0001-21
MAGNESITA REFRATARIOS;MAGG3;08.684.547/0001-65
MAHLE-METAL LEVE;LEVE3;60.476.884/0001-87
MANUFATURA DE BRINQUEDOS ESTRELA;ESTR3/ESTR4;61.082.004/0001-50
MARCOPOLO;POMO3/POMO4;88.611.835/0001-29
MARFRIG GLOBAL FOODS;MRFG3;03.853.896/0001-40
MÉLIUZ;CASH3;14.110.585/0001-07
MELNICK EVEN;MELK3;12.181.987/0001-77
METALFRIO SOLUTIONS;FRIO3;04.821.041/0001-08
METALURGICA GERDAU;GOAU3/GOAU4;92.690.783/0001-09
MILLS ESTRUTURAS E SERVIÇOS DE ENGENHARIA;MILS3;27.093.558/0001-15
MINERVA;BEEF3;67.620.377/0001-14
MITRE;MTRE3;07.882.930/0001-65
MITRE REALTY;MTRE3;07.882.930/0001-65
MMX MINERACAO E METALICOS;MMXM3;02.762.115/0001-49
MOBLY;MBLY3;31.553.627/0001-01
MODAL MAIS;MODL11;30.723.886/0001-62
MOSAICO VENTURES;MOSI3;09.083.175/0001-84
MOURA DUBEUX;MDNE3;12.049.631/0001-84
MOVIDA;MOVI3;21.314.559/0001-66
MRV ENGENHARIA;MRVE3;08.343.492/0001-20
MULTILASER;MLAS3;59.717.553/0001-02
MULTIPLAN;MULT3;07.816.890/0001-53
MULTIPLUS;MPLU3;11.094.546/0001-75
MUNDIAL – PRODUTOS DE CONSUMO;MNDL3;88.610.191/0001-54
NADIR FIGUEIREDO;NAFG3/NAFG4;61.067.161/0001-97
NATURA COSMETICOS;NTCO3;71.673.990/0001-77
NEOENERGIA;NEOE3;01.083.200/0001-18
NEOGRID;NGRD3;10.139.870/0001-08
NOTRE DAME INTERMÉDICA;GNDI3;19.853.511/0001-84
NTERNATIONAL MEAL COMPANY ALIMENTACAO;MEAL3;17.314.329/0001-20
OCEAN PACT;OPCT3;09.114.805/0001-30
ODONTOPREV;ODPV3;58.119.199/0001-51
OI;OIBR3/OIBR4;76.535.764/0001-43
ONCOCLÍNICAS;ONCO3;12.104.241/0004-02
ORIZON;ORVR3;11.421.994/0001-36
OSX BRASIL;OSXB3;09.112.685/0001-32
OURO FINO SAUDE ANIMAL;OFSA3;20.258.278/0001-70
PAGUE MENOS;PGMN3;06.626.253/0001-51
PARANAPANEMA;PMAM3;60.398.369/0004-79
PDG REALTY;PDGR3;02.950.811/0001-89
PETRO RECÔNCAVO;RECV3;03.342.704/0001-30
PETRO RIO;PRIO3;10.629.105/0001-68
PETROLEO BRASILEIRO PETROBRAS;PETR3/PETR4;33.000.167/0001-01
PETZ;PETZ3;18.328.118/0001-09
PLANO & PLANO;PLPL3;24.230.275/0001-80
PORTO SEGURO;PSSA3;02.149.205/0001-69
PORTOBELLO;PTBL3;83.475.913/0001-91
POSITIVO TECNOLOGIA;POSI3;81.243.735/0001-48
PRINER;PRNR3;18.593.815/0001-97
PROFARMA DISTRIB PROD FARMACEUTICOS;PFRM3;45.453.214/0001-51
QUALICORP;QUAL3;11.992.680/0001-93
QUERO-QUERO;LJQQ3;96.418.264/0218-02
RAIA DROGASIL;RADL3;61.585.865/0001-51
RAÍZEN;RAIZ4;33.453.598/0001-23
RANDON IMPLEMENTOS;RAPT3/RAPT4;89.086.144/0001-16
RECRUSUL;RCSL3/RCSL4;91.333.666/0001-17
REDE D’OR;RDOR3;06.047.087/0001-39
REDE ENERGIA;REDE3;61.584.140/0001-49
REFINARIA DE PETROLEOS MANGUINHOS;RPMG3;33.412.081/0001-96
RENOVA ENERGIA;RNEW11/RNEW3/RNEW4;08.534.605/0001-74
RESTOQUE COMÉRCIO E CONFECÇÕES DE ROUPAS;LLIS3;49.669.856/0001-43
RIO PARANAPANEMA ENERGIA;GEPA3/GEPA4;02.998.301/0001-81
ROSSI RESIDENCIAL;RSID3;61.065.751/0001-80
RUMO;RAIL3;02.387.241/0001-60
SANTOS BRASIL;STBP3;02.762.121/0001-04
SAO CARLOS;SCAR3;29.780.061/0001-09
SAO MARTINHO;SMTO3;51.466.860/0001-56
SARAIVA LIVREIROS EDITORES;SLED3/SLED4;60.500.139/0001-26
SCHULZ;SHUL3/SHUL4;84.693.183/0001-68
SEQUOIA;SEQL3;01.599.101/0001-93
SER EDUCACIONAL;SEER3;04.986.320/0001-13
SIMPAR;SIMH3;07.415.333/0001-20
SINQIA;SQIA3;04.065.791/0001-99
SLC AGRICOLA;SLCE3;89.096.457/0001-55
SMARTFIT;SMFT3;07.594.978/0001-78
SMILES FIDELIDADE;SMLS3;05.730.375/0001-20
SOMOS EDUCAÇÃO;SEDU3;02.541.982/0001-54
SONAE SIERRA BRASIL;SSBR3;05.878.397/0001-32
SPRINGS GLOBAL;SGPS3;07.718.269/0001-57
SUL AMERICA;SULA11/SULA3/SULA4;29.978.814/0001-87
SUZANO PAPEL E CELULOSE;SUZB3;16.404.287/0001-55
T4F ENTRETENIMENTO;SHOW3;02.860.694/0001-62
TAURUS ARMAS;TASA3/TASA4;92.781.335/0001-02
TC;TRAD3;26.345.998/0001-50
TECHNOS;TECN3;09.295.063/0001-97
TECNISA;TCSA3;08.065.557/0001-12
TECNOSOLO ENGENHARIA;TCNO3/TCNO4;33.111.246/0001-90
TEGMA GESTAO LOGISTICA;TGMA3;02.351.144/0001-18
TEGRA;TEGA3;30.213.493/0001-09
TEKA-TECELAGEM KUEHNRICH;TEKA3/TEKA4;82.636.986/0001-55
TELEFÔNICA BRASIL;VIVT3/VIVT4;02.558.157/0001-62
TERRA SANTA AGRO;TESA3;05.799.312/0001-20
TIM;TIMP3;02.558.115/0001-21
TOTVS;TOTS3;53.113.791/0001-22
TRACK & FIELD;TFCO4;59.418.806/0001-47
TRANSMISSORA ALIANÇA DE ENERGIA ELÉTRICA;TAEE11/TAEE3/TAEE4;07.859.971/0001-30
TRISUL;TRIS3;08.811.643/0001-27
TRIUNFO PART;TPIS3;03.014.553/0001-91
TUPY;TUPY3;84.683.374/0001-49
ULTRAPAR PARTICIPACOES;UGPA3;33.256.439/0001-39
UNICASA INDÚSTRIA DE MÓVEIS;UCAS3;90.441.460/0001-48
UNIFIQUE;FIQE3;2.255.187/0001-08
UNIPAR CARBOCLORO S.A.;UNIP3/UNIP5/UNIP6;33.958.695/0001-78
USINAS SIDERÚRGICAS DE MINAS GERAIS – USIMINAS;USIM3/USIM5/USIM6;60.894.730/0001-05
VALE;VALE3;33.592.510/0001-54
VALID SOLUÇÕES;VLID3;33.113.309/0001-47
VIA VAREJO;VIIA3;33.041.260/0652-90
VIBRA ENERGIA;VBBR3;34.274.233/0001-02
VITTIA;VITT3;45.365.558/0001-09
VIVARA;VIVA3;33.839.910/0001-11
VIVEO;VVEO3;12.420.164/0001-57
VULCABRAS/AZALEIA;VULC3;50.926.955/0001-42
WEG;WEGE3;84.429.695/0001-11
WESTWING;WEST3;14.776.142/0001-50
WHIRLPOOL;WHRL3/WHRL4;59.105.999/0001-86
WILSON SONS;WSON33;05.721.735/0001-28
WIZ SOLUÇÕES E CORRETAGEM DE SEGUROS;WIZC3;42.278.473/0001-03
YDUQS;YDUQ3;08.807.432/0001-10
ZAMP SA;ZAMP3;13.574.594/0001-96
ASSET BANK AGRONEGÓCIOS FIAGRO -DC;AAGR11;52.670.402/0001-05
AZ QUEST SOLE FDO DE INV - FIAGRO - IMOBILIARIO;AAZQ11;44.625.826/0001-11
FDO INV CAD PRO AGRO EXES ARAGUAIA - FIAGRO IMOB;AGRX11;43.951.911/0001-07
BB FDO DE INV DE CRÉDITO FIAGRO - IMOBILIÁRIO;BBGO11;42.592.257/0001-20
BRADESCO FARMTECH FIDC DC RESP LIMITADA;BRFT11;52.512.069/0001-06
CAPITANIA AGRO STRATEGIES - FIAGRO - IMOBILIÁRIO;CPTR11;42.537.579/0001-76
SPARTA FIAGRO FDO INV NAS CAD PROD AGRO - IMOB;CRAA11;48.903.610/0001-21
DEVANT FDO INV NAS CAD PROD AGROIND - FIAGRO IMOB;DCRA11;42.888.360/0001-11
ECOAGRO I FDO INV CADEIAS PROD AGROIND FIAGRO IMOB;EGAF11;41.224.330/0001-48
FG/AGRO FDO DE INVEST - FIAGRO - IMOBILIÁRIO;FGAA11;42.405.905/0001-91
051 AGRO FDO INV NAS CAD PROD AGRO - FIAGRO - IMOB;FZDA11;44.625.694/0001-28
051 AGRO FAZIII FDO INV NAS CAD PROD AGRO - FIAGRO;FZDB11;49.489.928/0001-70
GALÁPAGOS RECEBÍVEIS DO AGRONEGÓCIO - FIAGRO-IMOB;GCRA11;37.037.297/0001-70
GREENWICH AGRO FIAGRO - IMOBILIÁRIO;GRWA11;47.240.671/0001-93
HIGH FUNDO DE INVESTIMENTO AGRO FIAGRO IMOB;HGAG11;40.343.867/0001-64
INTER AMERRA - FIAGRO - IMOBILIÁRIO;IAAG11;42.692.399/0001-69
SFI INVESTIMENTOS DO AGRONEGÓCIO - FIAGRO -IMOB;IAGR11;44.286.898/0001-81
FDO INV CADEIAS PROD AGROIND JGP CRED FIAGRO IMOB;JGPX11;42.888.292/0001-90
KINEA CRÉDITO AGRO FIAGRO-IMOBILIÁRIO;KNCA11;41.745.701/0001-37
KINEA OPORTUNIDADES AGRO I FIAGRO-IMOB;KOPA11;51.475.461/0001-51
LESTE FDO INV CAD PROD AGROIND FIAGRO IMOB;LSAG11;42.592.476/0001-09
NCH RECEBÍVEIS DO AGRONEGÓCIO - FIAGRO IMOBILIÁRIO;NCRA11;42.537.438/0001-53
NEX CRÉDITO AGRO FDO INV CAD PROD AGRO FIAG IMOB;NEXG11;52.044.477/0001-72
OURINVEST INNOVATION - FIAGRO IMOBILIÁRIO;OIAG11;41.218.352/0001-03
PLURAL CRÉDITO AGRO - FIAGRO - IMOBILIÁRIO;PLCA11;41.272.747/0001-86
ITAU ASSET RURAL FIAGRO - IMOBILIÁRIO;RURA11;42.479.593/0001-60
FDO INV CADEIAS PROD AGRO RIZA AGRO FIAGRO IMOB;RZAG11;40.413.979/0001-44
SUNO AGRO - FIAGRO-IMOBILIÁRIO;SNAG11;28.152.777/0001-90
VECTIS DATAGRO CR AGR - FDO INV CAD PROD AG - IMOB;VCRA11;42.502.827/0001-43
VALORA CRA FDO INV NAS CAD PROD AGRO FIAGRO - IMOB;VGIA11;41.081.088/0001-09
XP CRÉDITO AGRÍCOLA FDO INV FIAGRO IMOBILIÁRIO;XPCA11;41.269.527/0001-01
TIVIO RENDA IMOBILIÁRIA FUNDO DE INVESTIMENTO IMOB;TVRI11;14.410.722/0001-29
GUARDIAN LOGISTICA;GARE11;37.295.919/0001-60
CIA PARANAENSE DE ENERGIA;CPLE6;76.483.817/0001-20